{"cameraMode":{"drawMode":0,"name":"Shaded","section":"Shading Mode"},"sceneLighting":false,"audioPlay":false,"sceneViewState":{"showFog":true,"showMaterialUpdate":true,"showSkybox":false,"showFlares":true,"showImageEffects":true,"showParticleSystems":true},"in2DMode":false,"pivot":{"x":0.20737186074256898,"y":0.14921268820762635,"z":-5.459077835083008},"rotation":{"x":-0.09160157293081284,"y":0.7190688848495483,"z":-0.6820727586746216,"w":-0.09657008200883866},"size":0.2911714017391205,"orthographic":true}