{"cameraMode":{"drawMode":0,"name":"Shaded","section":"Shading Mode"},"sceneLighting":false,"audioPlay":false,"sceneViewState":{"showFog":true,"showMaterialUpdate":true,"showSkybox":false,"showFlares":true,"showImageEffects":true,"showParticleSystems":true},"in2DMode":false,"pivot":{"x":-0.6043975353240967,"y":-0.20007792115211488,"z":-0.2694425582885742},"rotation":{"x":-0.08771678805351258,"y":0.12221001833677292,"z":0.010843909345567227,"w":0.98856121301651},"size":1.5588459968566895,"orthographic":false}