{"cameraMode":{"drawMode":0,"name":"Shaded","section":"Shading Mode"},"sceneLighting":true,"audioPlay":false,"sceneViewState":{"showFog":true,"showMaterialUpdate":true,"showSkybox":true,"showFlares":true,"showImageEffects":true,"showParticleSystems":true},"in2DMode":false,"pivot":{"x":-149.27999877929688,"y":1.1000781059265137,"z":7.01312780380249},"rotation":{"x":0.08046259731054306,"y":0.68906170129776,"z":-0.07743920385837555,"w":0.7160483598709106},"size":0.8660253882408142,"orthographic":true}